Workbook
Name ListeCote: Listes!$H$2:$H$5
Name ListeIntExt: Listes!$D$2:$D$3
Name ListeNature: Listes!$E$2:$E$6
Name ListeOuiNon: Listes!$B$2:$B$3
Name ListeRoles: Acteurs!$C$9:$C$38
Name ListeStatut: Listes!$C$2:$C$4
Name ListeStatutPoint: Listes!$I$2:$I$4
Name ListeSupport: Listes!$F$2:$F$4
Name ListeSymboles: Listes!$A$2:$A$9
Name ListeTypeDoc: Listes!$G$2:$G$4

Sheet Guide
A1: FICHE DE COLLECTE DES DONNÉES — RÉDACTION QUALIGRAMME Procédures (niveau 2) et instructions de travail (niveau 3)
A4: 1. OBJECTIF DE L'OUTIL
A5: Collecter sur le terrain, auprès des acteurs, toutes les informations nécessaires à la rédaction graphique des procédures (« Qui fait quoi ? » — niveau 2) et des instructions de travail (« Comment réaliser l'activité ? » — niveau 3) selon le langage Qualigramme. Une fiche est renseignée par procédure étudiée ; l'onglet IT_N3 est dupliqué pour chaque instruction à rédiger.
A7: 2. STRUCTURE DU CLASSEUR
A8: # | B8: Onglet | C8: Contenu | D8: Moment de l'entretien | E8: Traduction dans le logigramme Qualigramme
A9: 1 | B9: Cadrage | C9: Identification de l'entretien, personnes interviewées, objet, périmètre, déclencheur, fin, exigences, interfaces | D9: Ouverture (10-15 min) | E9: Cartouche et fiche d'identité de la procédure
A10: 2 | B10: Acteurs | C10: Recensement des rôles (internes / externes), responsabilités, titulaires, suppléants | D10: Avant le déroulé des opérations | E10: Colonnes (couloirs) des acteurs du logigramme
A11: 3 | B11: Procedure_N2 | C11: Déroulé chronologique des opérations : qui, quoi, quand, entrées/sorties, supports, décisions, risques | D11: Cœur de l'entretien (45-60 min) | E11: Symboles, enchaînements, informations échangées, renvois
A12: 4 | B12: IT_N3 | C12: Cadrage et mode opératoire détaillé d'une opération critique (un seul rôle) : moyens, points clés, autocontrôles, actions correctives | D12: Entretien / observation au poste | E12: Instruction de travail niveau 3 (une fiche par instruction)
A13: 5 | B13: Documents | C13: Inventaire des formulaires, enregistrements et documents de référence utilisés ou produits | D13: Pendant le déroulé + collecte des modèles | E13: Symboles « document » et liste des enregistrements
A14: 6 | B14: Indicateurs_Risques | C14: Indicateurs de performance, risques / opportunités et mesures de maîtrise | D14: Fin d'entretien | E14: Points de contrôle, commentaires, pilotage
A15: 7 | B15: Synthese_Validation | C15: Contrôle automatique de complétude, points ouverts, validation par les interviewés | D15: Clôture et validation | E15: Conditions préalables à la rédaction
A16: EX | B16: EX_Acteurs / EX_Procedure / EX_IT | C16: Exemple renseigné : cas « Gestion des sinistres » | D16: Formation des enquêteurs | E16: Illustration du niveau de détail attendu
A18: 3. DÉROULÉ RECOMMANDÉ DE L'ENTRETIEN
A19: 1 | B19: Préparer | C19: Collecter les documents existants (procédures, formulaires, organigramme, fiches de poste) ; pré-remplir Cadrage et Acteurs.
A20: 2 | B20: Cadrer | C20: Valider avec l'interviewé l'objet, le périmètre, l'événement déclencheur et le résultat final attendu de la procédure.
A21: 3 | B21: Recenser les rôles | C21: Lister les fonctions intervenant (et non les noms des personnes). Un rôle = une colonne du logigramme.
A22: 4 | B22: Dérouler chronologiquement | C22: Partir de l'événement déclencheur et suivre le flux jusqu'à la fin, opération par opération, en posant pour chacune le questionnement : Qui ? Fait quoi ? Quand ? À partir de quoi ? Pour qui ? Avec quoi ? Où ? Et si… ?
A23: 5 | B23: Identifier les décisions | C23: Formuler chaque alternative en question fermée (Oui / Non) et indiquer l'opération suivante pour chaque branche.
A24: 6 | B24: Repérer les opérations à détailler | C24: Marquer « Oui » en colonne IT N3 pour les opérations techniques, à risque, réalisées par des nouveaux arrivants ou source de non-conformités ; les détailler dans IT_N3 (si possible par observation au poste).
A25: 7 | B25: Collecter les preuves | C25: Récupérer un exemplaire vierge et renseigné de chaque formulaire / enregistrement cité (Documents).
A26: 8 | B26: Reformuler et valider | C26: Relire le déroulé avec l'interviewé, lever les points ouverts (Synthese_Validation), faire valider et signer.
A28: 4. RÈGLES DE SAISIE (LANGAGE QUALIGRAMME)
A29: • | B29: Une opération = une seule action, formulée avec un verbe d'action à l'infinitif + complément (ex. « Déclarer le sinistre à l'assureur »).
A30: • | B30: Un seul acteur responsable par opération (celui qui exécute) ; les autres intervenants sont notés en « Autres acteurs » (participent / informés).
A31: • | B31: Nommer les rôles par leur fonction (Responsable QHSE, Chauffeur…), jamais par le nom d'une personne.
A32: • | B32: Toute procédure a un événement déclencheur (Début) et au moins un résultat (Fin) ; chaque décision a deux branches renseignées.
A33: • | B33: Chaque sortie d'une opération a un client identifié ; chaque document cité est recensé dans Documents.
A34: • | B34: Noter les délais et fréquences de façon mesurable (2 h, 24 h, 3 jours ouvrés…), et non « rapidement » ou « immédiatement » sans précision.
A35: • | B35: Distinguer ce qui se fait réellement (pratique constatée) de ce qui devrait se faire : signaler les écarts en colonne « Commentaires ».
A37: 5. LÉGENDE
C38: Cellule à renseigner pendant l'entretien (listes déroulantes lorsque la cellule en propose une)
C39: Libellé / question guide (ne pas modifier)
B40: Calcul | C40: Cellule calculée automatiquement (formule — ne pas saisir)

Sheet Listes
A1: ListeSymboles | B1: ListeOuiNon | C1: ListeStatut | D1: ListeIntExt | E1: ListeNature | F1: ListeSupport | G1: ListeTypeDoc | H1: ListeCote | I1: ListeStatutPoint
A2: Début (événement déclencheur) | B2: Oui | C2: Validé | D2: Interne | E2: Formulaire vierge | F2: Papier | G2: Procédure (niveau 2) | H2: 1 | I2: Ouvert
A3: Instruction (tâche) | B3: Non | C3: À confirmer | D3: Externe | E3: Enregistrement | F3: Électronique | G3: Instruction de travail (niveau 3) | H3: 2 | I3: En cours
A4: Contrôle / Vérification | C4: À compléter | E4: Document interne de référence | F4: Papier + électronique | G4: Procédure + instruction(s) | H4: 3 | I4: Clos
A5: Décision / Alternative (Ou) | E5: Document externe | H5: 4
A6: Tâches simultanées (Et) | E6: Fichier / Application
A7: Attente / Délai
A8: Renvoi vers une autre procédure
A9: Fin (résultat)

Sheet Cadrage
A1: [Logo de l'organisation] | C1: FICHE DE COLLECTE — CADRAGE DE LA PROCÉDURE | G1: Code : FC-QUA-01
G2: Version : 01
G3: Date : ____/____/______
G4: Page : ___ / ___
A6: A. IDENTIFICATION DE L'ENTRETIEN
A7: 1 | B7: Organisation / Société | C7: Raison sociale de l'organisation auditée | E7: Société Exemple (groupe Exemple)
A8: 2 | B8: Direction / Site | C8: Direction, service ou site concerné | E8: Direction Administrative et Juridique (DAJ), Ville Exemple
A9: 3 | B9: Processus de rattachement | C9: Processus de la cartographie auquel appartient la procédure | E9: JUR - Juridique
A10: 4 | B10: Pilote du processus | C10: Fonction et nom du pilote | E10: Jean Exemple - Directeur Administratif et Juridique (DAJ)
A11: 5 | B11: Intitulé de la procédure | C11: Verbe d'action à l'infinitif + objet (ex. « Gérer les sinistres ») | E11: Gérer les contrats (rédaction, validation, signature, archivage, renouvellement)
A12: 6 | B12: Code envisagé | C12: Selon la règle de codification documentaire (ex. PR-QHSE-05) | E12: PR-JUR-03
A13: 7 | B13: Type de document à rédiger | C13: Procédure N2, instruction N3, ou les deux | E13: Procédure + instruction(s)
A14: 8 | B14: Date de l'entretien | C14: JJ/MM/AAAA | E14: 07/09/2026 (entretien Juridique) ; 06/10/2026 (planning de collecte) ; validation : 21/10/2026 (planning de validation)
A15: 9 | B15: Lieu de l'entretien | C15: Bureau, atelier, poste de travail… | E15: Siège Société Exemple, Ville Exemple
A16: 10 | B16: Enquêteur(s) / Consultant(s) | C16: Nom(s) des personnes menant l'entretien | E16: Consultant Exemple (Cabinet Exemple)
A17: 11 | B17: N° d'entretien / de session | C17: Si plusieurs séances pour une même procédure | E17: Entretien DAJ (transcription Juridique 2)
A19: B. PERSONNES INTERVIEWÉES
A20: N° | B20: Nom et prénom | C20: Fonction | D20: Service / Direction | E20: Rôle dans la procédure | F20: Ancienneté au poste | G20: Téléphone / e-mail | H20: Présent (Oui/Non)
A21: 1 | B21: Jean Exemple | C21: Directeur Administratif et Juridique (DAJ) | D21: Juridique / DAJ | E21: Interviewé, pilote du processus | H21: Oui
A22: 2 | B22: Consultant Exemple | C22: Consultant (Cabinet Exemple) | D22: Cabinet Exemple | E22: Conduite de l'entretien | H22: Oui
A23: 3
A24: 4
A25: 5
A26: 6
A28: C. CADRAGE DE LA PROCÉDURE — QUESTIONS GUIDES
A29: 1 | B29: Objet (Pourquoi ?) | C29: À quoi sert cette procédure ? Quel problème ou quelle exigence traite-t-elle ? | E29: Maîtriser le circuit d'un contrat, de la demande au renouvellement : rédaction, validation, signature, diffusion, archivage et suivi.
A30: 2 | B30: Domaine d'application | C30: À quelles activités, sites, produits, clients s'applique-t-elle ? | E30: Contrats avec les clients et les fournisseurs (transport, pièces de rechange, projets)
A31: 3 | B31: Exclusions / hors périmètre | C31: Qu'est-ce qui n'est pas couvert (cas traités par une autre procédure) ? | E31: Contrats de travail ; baux (PR-JUR-04), , contrats de travail.
A32: 4 | B32: Événement déclencheur (Début) | C32: Quel événement, demande ou date déclenche la procédure ? | E32: Sollicitation du DAJ par un service pour un contrat.
A33: 5 | B33: Résultat final attendu (Fin) | C33: Quand considère-t-on que la procédure est terminée ? Quel est le livrable final ? | E33: Contrat signé, diffusé et archivé ; ou renouvellement décidé.
A34: 6 | B34: Bénéficiaires / clients | C34: Qui bénéficie du résultat (internes et externes) ? | E34: Services demandeurs ; DG ; clients et fournisseurs.
A35: 7 | B35: Fréquence / volume (Combien ?) | C35: Nombre de cas par mois / an ; pics d'activité | E35: À préciser (nombre de contrats par an).
A36: 8 | B36: Durée totale / délai global | C36: Délai cible entre le début et la fin | E36: 10 jours
A37: 9 | B37: Interfaces | C37: Procédures, processus ou services en amont et en aval | E37: Service demandeur, DG, Achats, Exploitation, DT, QHSE, IT
A38: 10 | B38: Exigences applicables | C38: Légales, réglementaires, contractuelles (clients, assureurs), normatives (ISO 9001, 14001, 45001…) | E38: Faire une recherche
A39: 11 | B39: Documents existants collectés | C39: Références des procédures, notes, formulaires déjà en vigueur | E39: À collecter : fichier de suivi des contrats, modèle de visa.
A40: 12 | B40: Outils / applications utilisés | C40: Logiciels, fichiers partagés, messagerie, téléphone… | E40: Fichier numérique de suivi ; copies scannées ; mail ; signature électronique, trame
... A43: 15 | B43: Attentes d'amélioration | C43: Ce que les acteurs souhaitent voir simplifier, clarifier, automatiser | E43: Un circuit écrit ; un second intervenant ; un cahier d'envoi des contrats.

Sheet Acteurs
A1: [Logo de l'organisation] | C1: FICHE DE COLLECTE — RÔLES / ACTEURS DE LA PROCÉDURE | I1: Code : FC-QUA-01
I2: Version : 01
I3: Date : ____/____/______
I4: Page : ___ / ___
A6: Organisation : | C6: =Cadrage!E7 | F6: Procédure : | G6: =Cadrage!E11
A8: N° | B8: Code rôle | C8: Intitulé du rôle (fonction) | D8: Service / Direction | E8: Interne / Externe | F8: Responsabilités dans la procédure | G8: Titulaire actuel | H8: Suppléant / intérim | I8: Pouvoir de décision | J8: Commentaires
A9: 1 | B9: DEM | C9: Toutes les directions | D9: Tous services | E9: Interne | F9: Exprime le besoin de contrat, fournit les éléments techniques et financiers, participe à la négociation | I9: Non | J9: Porte d'entrée du contrat
A10: 2 | B10: DAJ | C10: Direction Administrative et Juridique (DAJ) | D10: Juridique / DAJ | E10: Interne | F10: Recueille le cahier des charges, rédige, négocie, vise, archive, suit les échéances | G10: Jean Exemple | I10: Partiel | J10: Seul à ce jour : l'équipe n'est pas encore constituée
A11: 3 | B11: DG | C11: Direction Générale | D11: Direction Générale | E11: Interne | F11: Signe le contrat après visa du DAJ | I11: Oui | J11: Ne signe pas sans visa du DAJ
A12: 4 | B12: CONTRE | C12: Exploitation | D12: - | E12: Externe | F12: Négocie et contresigne le contrat | I12: Non
A13: 5 | B13: AGENT | C13: Agent de liaison | D13: Courrier | E13: Interne | F13: Dépose les contrats auprès des destinataires contre décharge | I13: Non | J13: À confirmer
A14: 6
A15: 7
A16: 8
A17: 9
A18: 10
A19: 11
A20: 12
A21: 13
A22: 14
A23: 15
A24: 16
A25: 17
... A38: 30

Sheet Procedure_N2
A1: [Logo de l'organisation] | C1: FICHE DE COLLECTE — PROCÉDURE (NIVEAU 2 : QUI FAIT QUOI ?) | Y1: Code : FC-QUA-01
Y2: Version : 01
Y3: Date : ____/____/______
Y4: Page : ___ / ___
A6: Organisation : | C6: =Cadrage!E7 | G6: Processus : | H6: =Cadrage!E9 | M6: Procédure : | N6: =Cadrage!E11 | S6: Date entretien : | U6: =Cadrage!E14
B8: FAIT QUOI ? | E8: QUI ? | G8: QUAND ? | I8: À PARTIR DE QUOI ? | K8: POUR QUI / PRODUIT QUOI ? | M8: AVEC QUOI ? OÙ ? | P8: ET SI… ? / ENCHAÎNEMENT | T8: NIVEAU 3 | V8: MAÎTRISE | Y8: SUIVI
A9: N° | B9: Étape / phase | C9: Opération (verbe à l'infinitif + complément) | D9: Symbole Qualigramme | E9: Acteur responsable (exécute — un seul) | F9: Autres acteurs (participent / informés) | G9: Déclencheur / condition (Quand ?) | H9: Délai / fréquence | I9: Éléments d'entrée (informations, documents) | J9: Fournisseur (émetteur) | K9: Éléments de sortie (résultat, document produit) | L9: Client (destinataire) | M9: Support / enregistrement | N9: Outils / moyens / applications | O9: Lieu | P9: Question de décision (si « Ou ») | Q9: Si OUI → op. n° | R9: Si NON → op. n° | S9: Op. suivante | T9: À détailler en IT N3 ? | U9: Code IT | V9: Risque / dysfonctionnement possible | W9: Moyen de maîtrise / contrôle | X9: Indicateur associé | Y9: Commentaires / points à clarifier | Z9: Statut
A10: 1 | B10: Besoin | C10: Recueillir le cahier des charges | D10: Instruction (tâche) | E10: Direction Administrative et Juridique (DAJ) | F10: Service demandeur (DG, Exploitation, Achats ou autre) | G10: Sollicitation par un service pour un contrat (transport, pièces de rechange, projet) | I10: Demande de contrat | J10: Service demandeur (DG, Exploitation, Achats ou autre) | K10: Cahier des charges (éléments techniques et financiers) | L10: Direction Administrative et Juridique (DAJ) | M10: Cahier des charges | N10: Mail, réunion | S10: 2 | T10: Non | V10: Cahier des charges incomplet | W10: Éléments techniques obtenus du service demandeur | Z10: À confirmer
A11: 2 | B11: Rédaction | C11: Rédiger le contrat | D11: Instruction (tâche) | E11: Direction Administrative et Juridique (DAJ) | F11: Service demandeur (DG, Exploitation, Achats ou autre) | G11: Cahier des charges reçu | I11: Cahier des charges | J11: Service demandeur (DG, Exploitation, Achats ou autre) | K11: Projet de contrat | L11: Client ou fournisseur | M11: Projet de contrat | S11: 3 | T11: Non | V11: Clauses inadaptées | W11: Rédaction avec le service demandeur | Z11: À confirmer
A12: 3 | B12: Négociation | C12: Négocier le contrat | D12: Instruction (tâche) | E12: Direction Administrative et Juridique (DAJ) | F12: Service demandeur (DG, Exploitation, Achats ou autre) | G12: Projet transmis à l'autre partie | I12: Projet de contrat, observations de l'autre partie | J12: Client ou fournisseur | K12: Version finale arrêtée | L12: Direction Administrative et Juridique (DAJ) | M12: Version finale | N12: Mail, réunion | S12: 4 | T12: Non | V12: Concessions non validées par le technique ou le commercial | W12: Le service demandeur est sollicité pour chaque modification | Y12: DAJ interlocuteur unique du client ou du fournisseur | Z12: À confirmer
A13: 4 | B13: Visa | C13: Viser le contrat | D13: Contrôle / Vérification | E13: Direction Administrative et Juridique (DAJ) | G13: Version finale arrêtée | I13: Version finale | J13: Direction Administrative et Juridique (DAJ) | K13: Contrat visé (cachet du DAJ sur les pages) | L13: Direction Générale | M13: Contrat visé | N13: Cachet de visa du DAJ | P13: Le contrat est-il conforme et prêt à signer ? | Q13: 5 | R13: 3 | S13: 5 ou 3 | T13: Oui | U13: IT-JUR-03 | V13: Contrat signé sans visa du DAJ | W13: La DG ne signe pas sans cachet du DAJ | Z13: À confirmer
A14: 5 | B14: Signature | C14: Signer le contrat | D14: Instruction (tâche) | E14: Direction Générale | G14: Contrat visé reçu | I14: Contrat visé | J14: Direction Administrative et Juridique (DAJ) | K14: Contrat signé par la DG | L14: Direction Administrative et Juridique (DAJ) | M14: Contrat signé | O14: Siège | S14: 6 | T14: Non | V14: Signature d'un contrat non conforme | W14: Visa préalable du DAJ | Z14: À confirmer
A15: 6 | B15: Diffusion | C15: Obtenir la contre-signature | D15: Instruction (tâche) | E15: Direction Administrative et Juridique (DAJ) | F15: Agent de dépôt interne | G15: Contrat signé par la DG | I15: Contrat signé par la DG | J15: Direction Générale | K15: Contrat contresigné | L15: Direction Administrative et Juridique (DAJ) | M15: Contrat, fiche de décharge ou registre d'envoi (à créer) | N15: Remise physique en ville ; mail ou signature électronique hors du pays | S15: 7 | T15: Non | V15: Contrat envoyé sans preuve de remise | W15: Fiche de décharge ou registre des envois | Y15: Ordre des signatures (autre partie avant ou après la DG) : à confirmer | Z15: À confirmer
A16: 7 | B16: Archivage | C16: Archiver le contrat | D16: Instruction (tâche) | E16: Direction Administrative et Juridique (DAJ) | G16: Contrat contresigné reçu | I16: Contrat contresigné | J16: Client ou fournisseur | K16: Contrat archivé (chrono physique, copie scannée, fichier de suivi) | L16: Direction Administrative et Juridique (DAJ) | M16: Chrono papier, scan, fichier de suivi | N16: Fichier numérique de suivi | O16: DAJ | S16: 8 | T16: Non | V16: Perte de l'original | W16: Archivage physique et numérique | Z16: À confirmer
A17: 8 | B17: Suivi | C17: Suivre les échéances des contrats | D17: Instruction (tâche) | E17: Direction Administrative et Juridique (DAJ) | F17: Service demandeur (DG, Exploitation, Achats ou autre) | G17: Échéance proche (2, 3 ou 6 mois selon le contrat) | H17: 2, 3 ou 6 mois avant l'échéance | I17: Fichier de suivi des contrats | J17: Direction Administrative et Juridique (DAJ) | K17: Alerte de renouvellement | L17: Service demandeur (DG, Exploitation, Achats ou autre) | M17: Fichier de suivi | N17: Fichier numérique de suivi | S17: 9 | T17: Non | V17: Échéance oubliée | W17: Suivi du fichier ; assistance prévue à terme | X17: Contrats à renouveler | Z17: À confirmer
A18: 9 | B18: Renouvellement | C18: Décider du renouvellement | D18: Contrôle / Vérification | E18: Direction Administrative et Juridique (DAJ) | F18: Service demandeur (DG, Exploitation, Achats ou autre), Direction Générale | G18: Alerte de renouvellement | I18: Bilan de l'exécution de la période précédente (rentabilité) | J18: Service demandeur (DG, Exploitation, Achats ou autre) | K18: Renouvellement décidé | L18: Direction Générale | M18: Analyse de renouvellement | P18: Le contrat est-il renouvelé ? | Q18: 2 | R18: Fin | S18: 2 ou Fin | T18: Non | V18: Renouvellement à des conditions inadaptées | W18: Analyse avec le service compétent et la DG ; ajustements si besoin | Y18: Oui : reprendre à la rédaction du renouvellement ou de l'avenant | Z18: À confirmer
A19: 10
A20: 11
A21: 12
A22: 13
A23: 14
A24: 15
A25: 16
A26: 17
A27: 18
A28: 19
A29: 20
A30: 21
... A59: 50

Sheet IT-JUR-03
A1: [Logo de l'organisation] | C1: FICHE DE COLLECTE — INSTRUCTION DE TRAVAIL (NIVEAU 3 : COMMENT RÉALISER ?) | K1: Code : FC-QUA-01
K2: Version : 01
K3: Date : ____/____/______
K4: Page : ___ / ___
A6: Organisation : | C6: =Cadrage!E7 | G6: Procédure de rattachement : | H6: =Cadrage!E11
A7: Dupliquer cet onglet pour chaque instruction à rédiger (clic droit sur l'onglet > Déplacer ou copier > Créer une copie) et le renommer avec le code IT.
A8: A. CADRAGE DE L'INSTRUCTION
A9: Code IT | C9: Ex. IT-SIN-01 | D9: IT-JUR-03
A10: Intitulé de l'instruction | C10: Verbe à l'infinitif + objet | D10: Viser un contrat avant signature
A11: N° d'opération(s) de la procédure détaillée(s) | C11: Renvoi vers l'onglet Procedure_N2 | D11: Opération n° 4
A12: Rôle exécutant (unique) | C12: Une instruction N3 ne concerne qu'un seul rôle | D12: Direction Administrative et Juridique (DAJ)
A13: Poste / lieu de réalisation | C13: Atelier, véhicule, bureau, site client… | D13: Bureau du DAJ
A14: Objet | C14: Pourquoi cette instruction ? Quel risque ou quelle erreur prévient-elle ? | D14: Garantir qu'aucun contrat n'est signé par la DG sans contrôle juridique.
A15: Événement déclencheur | C15: Quand l'opérateur commence-t-il ? | D15: Version finale du contrat arrêtée.
A16: Résultat attendu | C16: État final / produit / enregistrement à obtenir | D16: Contrat revêtu du cachet de visa, transmis à la DG.
A17: Prérequis : compétences, habilitations | C17: Formation, permis, autorisation requise | D17: Compétence juridique.
A18: EPI et consignes HSE | C18: Équipements de protection, consignes sécurité / environnement | D18: -
A19: Matériels, outils, applications | C19: Liste complète des moyens nécessaires | D19: Cachet de visa du DAJ.
A20: Documents de référence | C20: Procédure, fiche technique, notice, réglementation | D20: Contrat ; cahier des charges.
... A22: Méthode de collecte | C22: Entretien, observation au poste, démonstration, photos | D22: Entretien (à valider)
A24: B. DÉROULÉ DÉTAILLÉ DES OPÉRATIONS
A25: N° | B25: Opération (verbe à l'infinitif) | C25: Comment ? Mode opératoire détaillé (gestes, paramètres, séquence) | D25: Avec quoi ? Moyens (matériel, outil, document) | E25: Point clé / critère d'acceptation | F25: Autocontrôle (que vérifier ?) | G25: Anomalie possible | H25: Conduite à tenir / action corrective | I25: Sécurité / environnement | J25: Enregistrement produit | K25: Illustration (photo / schéma — réf.) | L25: Commentaires
A26: 1 | B26: Vérifier la conformité juridique | C26: Relire le contrat au regard du droit applicable | D26: Contrat | E26: Clauses conformes | F26: Contrat conforme ? | G26: Clause non conforme | H26: Retour à la négociation | J26: -
A27: 2 | B27: Contrôler la cohérence technique | C27: Comparer le contrat et les éléments techniques et financiers | D27: Cahier des charges | E27: Aucun écart | F27: Cohérence vérifiée ? | G27: Écart avec le besoin | H27: Retour au service demandeur | J27: -
A28: 3 | B28: Vérifier les pouvoirs du signataire | C28: Extrait RCCM ou délégation de la partie adverse | D28: Extrait RCCM, délégation | E28: Signataire habilité | F28: Le signataire peut-il engager sa société ? | G28: Pouvoir non prouvé | H28: Demander la délégation avant signature
A29: 4 | B29: Apposer le cachet de visa | C29: Apposer le cachet du DAJ sur les pages du contrat | D29: Cachet de visa | E29: Cachet sur les pages visées | F29: Cachet apposé ? | G29: Cachet absent | H29: Compléter avant signature | J29: Contrat visé | L29: Sans cachet, la DG ne signe pas
A30: 5 | B30: Transmettre à la DG | C30: Remettre le contrat visé à la DG pour signature | D30: Contrat visé | E30: Contrat transmis | F30: Transmission faite ? | G30: Contrat égaré | H30: Suivre la remise | J30: -
A31: 6
A32: 7
A33: 8
A34: 9
A35: 10
A36: 11
A37: 12
A38: 13
A39: 14
A40: 15
A41: 16
A42: 17
... A45: 20

Sheet Documents
A1: [Logo de l'organisation] | C1: FICHE DE COLLECTE — DOCUMENTS ET ENREGISTREMENTS | K1: Code : FC-QUA-01
K2: Version : 01
K3: Date : ____/____/______
K4: Page : ___ / ___
A6: Organisation : | C6: =Cadrage!E7 | G6: Procédure : | H6: =Cadrage!E11
A8: N° | B8: Code / référence | C8: Intitulé du document | D8: Nature | E8: Support | F8: Émetteur (rôle) | G8: Destinataire(s) | H8: Op. concernée(s) n° | I8: Lieu de classement / archivage | J8: Durée de conservation | K8: Modèle collecté ? | L8: Commentaires
A9: 1 | B9: FO-JUR-04 | C9: Cahier des charges (éléments techniques et financiers) | D9: Enregistrement | E9: Électronique | F9: Service demandeur (DG, Exploitation, Achats ou autre) | G9: Direction Administrative et Juridique (DAJ) | H9: 1,2 | I9: Dossier du contrat | J9: À définir | K9: Oui
A10: 2 | B10: - | C10: Contrat (original signé) | D10: Enregistrement | E10: Papier | F10: Direction Administrative et Juridique (DAJ) | G10: Client ou fournisseur | H10: 2 à 7 | I10: Chrono du DAJ | J10: À définir | K10: Oui | L10: Copie scannée en plus ; acte juridique : référencé dans le fichier de suivi des contrats
A11: 3 | B11: - | C11: Cachet de visa du DAJ | D11: Fichier / Application | E11: Papier | F11: Direction Administrative et Juridique (DAJ) | G11: Direction Générale | H11: 4 | I11: DAJ | J11: À définir | K11: Oui | L11: Condition de la signature de la DG ; outil (cachet), non codifié
A12: 4 | B12: EN-JUR-04 | C12: Fichier numérique de suivi des contrats | D12: Enregistrement | E12: Électronique | F12: Direction Administrative et Juridique (DAJ) | G12: Service demandeur (DG, Exploitation, Achats ou autre) | H12: 7,8 | I12: Serveur DAJ | J12: À définir | K12: Oui | L12: À demander : exemplaire à collecter
A13: 5 | B13: EN-JUR-05 | C13: Registre des contrats envoyés (décharges) | D13: Enregistrement | E13: Papier | F13: Direction Administrative et Juridique (DAJ) | G13: Direction Administrative et Juridique (DAJ) | H13: 6 | I13: DAJ | J13: À définir | K13: Oui | L13: Cahier simple proposé par l'enquêteur
A14: 6 | B14: - | C14: Avenant ou renouvellement | D14: Enregistrement | E14: Papier + électronique | F14: Direction Administrative et Juridique (DAJ) | G14: Client ou fournisseur | H14: 9 | I14: Chrono du DAJ | J14: À définir | K14: Oui | L14: Acte juridique : référencé dans le fichier de suivi des contrats
A15: 7
A16: 8
A17: 9
A18: 10
A19: 11
A20: 12
A21: 13
A22: 14
A23: 15
A24: 16
A25: 17
A26: 18
... A38: 30

Sheet Indicateurs_Risques
A1: [Logo de l'organisation] | C1: FICHE DE COLLECTE — INDICATEURS, RISQUES ET OPPORTUNITÉS | I1: Code : FC-QUA-01
I2: Version : 01
I3: Date : ____/____/______
I4: Page : ___ / ___
A6: Organisation : | C6: =Cadrage!E7 | F6: Procédure : | G6: =Cadrage!E11
A8: A. INDICATEURS DE PERFORMANCE DE LA PROCÉDURE
A9: N° | B9: Indicateur | C9: Formule de calcul | D9: Cible | E9: Fréquence de mesure | F9: Source des données | G9: Responsable de la mesure | H9: Op. concernée(s) | I9: Valeur actuelle / constat | J9: Commentaires
A10: 1 | B10: Contrats à renouveler dans les 3 mois | C10: Nombre de contrats dont l'échéance tombe dans les 3 mois | D10: À définir | E10: Mensuelle | F10: Fichier de suivi des contrats | G10: Direction Administrative et Juridique (DAJ) | H10: 8
A11: 2 | B11: Contrats signés avec visa du DAJ | C11: Contrats visés / contrats signés × 100 | D11: À définir | E11: Annuelle | F11: Fichier de suivi | G11: Direction Administrative et Juridique (DAJ) | H11: 4,5 | I11: Règle : pas de signature sans cachet
A12: 3 | B12: Délai de préparation d'un contrat | C12: Date de signature − date de la demande | D12: À définir | E12: Par contrat | F12: Fichier de suivi | G12: Direction Administrative et Juridique (DAJ) | H12: 1 à 5
A13: 4
A14: 5
A15: 6
A16: 7
A17: 8
A19: B. RISQUES ET OPPORTUNITÉS (cotation 1 = faible à 4 = très élevé ; criticité = G × P)
A20: N° | B20: Risque / opportunité | C20: Cause(s) | D20: Gravité (G) | E20: Probabilité (P) | F20: Conséquence(s) | G20: Op. concernée(s) | H20: Criticité (G × P) | I20: Mesure de maîtrise existante / à prévoir | J20: Responsable
A21: 1 | B21: Échéance de renouvellement oubliée | C21: Suivi manuel par une seule personne | D21: 3 | E21: 3 | F21: Perte du contrat ou reconduction non voulue | G21: 8 | H21: =IF(OR(D21="",E21=""),"",VALUE(D21)*VALUE(E21)) | I21: Fichier de suivi ; alerte 2, 3 ou 6 mois | J21: Direction Administrative et Juridique (DAJ)
A22: 2 | B22: Contrat signé sans visa du DAJ | C22: Circuit contourné | D22: 3 | E22: 2 | F22: Clauses non contrôlées | G22: 4,5 | H22: =IF(OR(D22="",E22=""),"",VALUE(D22)*VALUE(E22)) | I22: Règle du cachet de visa | J22: Direction Générale
A23: 3 | B23: Cahier des charges incomplet | C23: Éléments techniques non fournis | D23: 3 | E23: 2 | F23: Contrat inadapté au besoin | G23: 1,2 | H23: =IF(OR(D23="",E23=""),"",VALUE(D23)*VALUE(E23)) | I23: Service demandeur impliqué dès la rédaction | J23: Service demandeur
A24: 4 | B24: Perte de la preuve de remise | C24: Envoi sans décharge | D24: 2 | E24: 2 | F24: Contestation de la remise | G24: 6 | H24: =IF(OR(D24="",E24=""),"",VALUE(D24)*VALUE(E24)) | I24: Fiche de décharge ou registre d'envoi | J24: Direction Administrative et Juridique (DAJ)
A25: 5 | B25: Dépendance à une seule personne | C25: Le DAJ gère seul : « pour l'instant, c'est moi » | D25: 3 | E25: 3 | F25: Rupture de continuité en cas d'absence | G25: 1 à 9 | H25: =IF(OR(D25="",E25=""),"",VALUE(D25)*VALUE(E25)) | I25: Équipe en cours de constitution ; partage des fichiers | J25: Direction Générale
A26: 6 | H26: =IF(OR(D26="",E26=""),"",VALUE(D26)*VALUE(E26))
A27: 7 | H27: =IF(OR(D27="",E27=""),"",VALUE(D27)*VALUE(E27))
A28: 8 | H28: =IF(OR(D28="",E28=""),"",VALUE(D28)*VALUE(E28))
A29: 9 | H29: =IF(OR(D29="",E29=""),"",VALUE(D29)*VALUE(E29))
A30: 10 | H30: =IF(OR(D30="",E30=""),"",VALUE(D30)*VALUE(E30))
A31: Seuils de criticité : 1-3 acceptable (vert) · 4-8 à surveiller, mesure de maîtrise à formaliser (orange) · 9-16 inacceptable, contrôle à intégrer dans la procédure (rouge).

Sheet Synthese_Validation
A1: [Logo de l'organisation] | C1: SYNTHÈSE — CONTRÔLE DE COMPLÉTUDE ET VALIDATION | D1: Code : FC-QUA-01
D2: Version : 01
D3: Date : ____/____/______
D4: Page : ___ / ___
A6: A. CONTRÔLE AUTOMATIQUE DE COMPLÉTUDE (avant rédaction Qualigramme)
A7: N° | B7: Point de contrôle | C7: Résultat | D7: Statut | E7: Action si non conforme
A8: 1 | B8: Nombre d'opérations saisies | C8: =COUNTA(Procedure_N2!C10:C59) | D8: — | E8: —
A9: 2 | B9: Événement déclencheur (Début) identifié | C9: 1 | D9: =IF(C9>=1,"OK","À traiter") | E9: Identifier l'événement qui lance la procédure
A10: 3 | B10: Résultat final (Fin) identifié | C10: 1 | D10: =IF(C10>=1,"OK","À traiter") | E10: Identifier le résultat qui clôt la procédure
A11: 4 | B11: Opérations sans symbole Qualigramme | C11: =SUMPRODUCT((Procedure_N2!C10:C59<>"")*(Procedure_N2!D10:D59="")) | D11: =IF(C11=0,"OK","À traiter") | E11: Qualifier chaque opération (instruction, décision…)
A12: 5 | B12: Opérations sans acteur responsable | C12: =SUMPRODUCT((Procedure_N2!C10:C59<>"")*(Procedure_N2!E10:E59="")) | D12: =IF(C12=0,"OK","À traiter") | E12: Désigner un rôle unique qui exécute
A13: 6 | B13: Instructions sans élément de sortie | C13: =SUMPRODUCT((Procedure_N2!D10:D59="Instruction (tâche)")*(Procedure_N2!K10:K59="")) | D13: =IF(C13=0,"OK","À traiter") | E13: Préciser le résultat produit par l'opération
A14: 7 | B14: Sorties sans client (destinataire) | C14: =SUMPRODUCT((Procedure_N2!K10:K59<>"")*(Procedure_N2!L10:L59="")) | D14: =IF(C14=0,"OK","À traiter") | E14: Identifier le destinataire de chaque sortie
A15: 8 | B15: Décisions sans question ou branche Oui/Non | C15: =SUMPRODUCT((Procedure_N2!D10:D59="Décision / Alternative (Ou)")*(((Procedure_N2!P10:P59="")+(Procedure_N2!Q10:Q59="")+(Procedure_N2!R10:R59=""))>0)) | D15: =IF(C15=0,"OK","À traiter") | E15: Formuler la question fermée et les deux branches
A16: 9 | B16: Opérations à détailler en N3 sans code IT | C16: =SUMPRODUCT((Procedure_N2!T10:T59="Oui")*(Procedure_N2!U10:U59="")) | D16: =IF(C16=0,"OK","À traiter") | E16: Attribuer un code IT et remplir un onglet IT_N3
A17: 10 | B17: Opérations « À confirmer » ou « À compléter » | C17: =COUNTIF(Procedure_N2!Z10:Z59,"À confirmer")+COUNTIF(Procedure_N2!Z10:Z59,"À compléter") | D17: =IF(C17=0,"OK","À traiter") | E17: Lever les points ouverts avec les acteurs
A18: 11 | B18: Rôles recensés (Acteurs) | C18: =COUNTA(Acteurs!C9:C38) | D18: =IF(C18>=1,"OK","À traiter") | E18: Recenser les rôles avant le déroulé
A19: 12 | B19: Documents recensés (Documents) | C19: =COUNTA(Documents!C9:C38) | D19: =IF(C19>=1,"OK","À traiter") | E19: Inventorier formulaires et enregistrements
A20: 13 | B20: Documents dont le modèle n'est pas collecté | C20: =COUNTIF(Documents!K9:K38,"Non") | D20: =IF(C20=0,"OK","À traiter") | E20: Récupérer un exemplaire vierge et renseigné
A21: 14 | B21: Indicateurs définis (Indicateurs_Risques) | C21: =COUNTA(Indicateurs_Risques!B10:B17) | D21: =IF(C21>=1,"OK","À traiter") | E21: Définir au moins un indicateur de performance
B22: Fiche prête pour la rédaction Qualigramme ? | C22: =IF(COUNTIF(D8:D21,"À traiter")=0,"OUI","NON — "&COUNTIF(D8:D21,"À traiter")&" point(s) à traiter")
A24: B. POINTS OUVERTS / INFORMATIONS À OBTENIR
A25: N° | B25: Point à clarifier / information manquante | C25: Op. n° | D25: Échéance | E25: Personne ressource — Statut
A26: 1 | B26: Ordre des signatures : autre partie avant ou après la DG | C26: 5,6 | D26: À confirmer | E26: DAJ - Ouvert
A27: 2 | B27: Obtenir le fichier de suivi des contrats actuel → EN-JUR-04. | C27: 7,8 | D27: Collecté | E27: DAJ - Clos
A28: 3 | B28: Qui assure le dépôt des contrats en ville | C28: 6 | D28: À confirmer | E28: DAJ - Ouvert
A29: 4 | B29: Les baux sont traités à part (PR-JUR-04) | C29: - | D29: Info | E29: Consultant - Clos
A30: 5 | B30: Date de l'entretien (planning : 06/10/2026, Contrats) et présents | C30: - | D30: Daté (cf. Cadrage) | E30: Consultant - Clos
A31: 6
A32: 7
A33: 8
A34: 9
A35: 10
A37: C. VALIDATION DES INFORMATIONS COLLECTÉES
B38: Nom et fonction | C38: Date | D38: Visa / signature | E38: Observations
B39: Interviewé 1 : Jean Exemple - DAJ
B40: Pilote du processus : Jean Exemple - DAJ
B41: Consultant / enquêteur : Consultant Exemple (Cabinet Exemple)
